DROP DATABASE IF EXISTS `pse`;
CREATE database pse;
use pse;

CREATE TABLE `departement` (
  `id` int(10) AUTO_INCREMENT PRIMARY key,
  `code` text NOT NULL,
  `nom` text NOT NULL
);

CREATE TABLE `groupe` (
`id_groupe` int(10) PRIMARY KEY AUTO_INCREMENT ,
`libelle` varchar(50) DEFAULT NULL,
`id_dep` int(10),
FOREIGN KEY (id_dep) REFERENCES departement(id)
);

CREATE TABLE `role` (
`id_role` int(10) PRIMARY KEY AUTO_INCREMENT,
`profile` varchar(50) DEFAULT NULL
);

CREATE TABLE `utilisateur` (
`id_user` int(10) PRIMARY KEY AUTO_INCREMENT ,
`login` varchar(50) DEFAULT NULL,
`pwd` varchar(100) DEFAULT NULL,
`active` tinyint(1) DEFAULT 1 COMMENT '1=Active | 0=Inactive',
`code` varchar(20) DEFAULT NULL,
`id_role` int(10) DEFAULT NULL ,
FOREIGN KEY (id_role) REFERENCES role(id_role)
);


CREATE TABLE `module` (
`id_module` int(10) PRIMARY KEY AUTO_INCREMENT,
`nom_module` varchar(50) DEFAULT NULL
);

CREATE TABLE `semestre` (
`id_semestre` int(10) PRIMARY KEY AUTO_INCREMENT,
`nom_semestre` varchar(50) DEFAULT NULL
);

CREATE TABLE `type_matiere` (
`id_type_matiere` int(10) PRIMARY KEY AUTO_INCREMENT,
`libelle_type` varchar(50) NOT NULL
);

CREATE TABLE `matiere` (
`id_matiere` int(10) PRIMARY KEY AUTO_INCREMENT ,
`code` varchar(20)  UNIQUE,
`libelle` varchar(50) DEFAULT NULL,
`specialite` varchar(20) DEFAULT NULL,
`id_module` int(10)  ,
`id_semestre` int(10) ,
FOREIGN KEY (id_module) REFERENCES module(id_module),
FOREIGN KEY (id_semestre) REFERENCES semestre(id_semestre)
);

CREATE TABLE `enseignant` (
`id_ens` int(10) PRIMARY KEY AUTO_INCREMENT ,
`nom` varchar(60) DEFAULT NULL,
`prenom` varchar(60) DEFAULT NULL,
`Date_naiss` date DEFAULT NULL,
`lieu_naiss` varchar(30) DEFAULT NULL,
`email` varchar(100) DEFAULT NULL,
`num_tel` int(20) DEFAULT NULL,
`num_whatsapp` int(20) DEFAULT NULL,
`diplome` varchar(20) DEFAULT NULL,
`grade` varchar(20) DEFAULT NULL,
`id_role` int(11) NOT NULL,
FOREIGN KEY (id_role) REFERENCES role(id_role)

);


CREATE TABLE `type_soumission`(
  `id_type_sous` INT(10) AUTO_INCREMENT PRIMARY KEY,
  `libelle` varchar(50) DEFAULT NULL
);



CREATE TABLE `soumission` (
`id_sous` int(10) PRIMARY KEY AUTO_INCREMENT ,
`titre_sous` varchar(50),
`description_sous` varchar(50) ,
`person_contact` varchar(100) DEFAULT NULL,
`id_ens` int(10) ,
`date_debut` datetime NOT NULL,
`date_fin` datetime NOT NULL,
`valide` tinyint(1) DEFAULT NULL,
`status` INT(5) DEFAULT 0,
`id_matiere` int(10) DEFAULT NULL,
`id_type_sous` INT(10) DEFAULT NULL,
FOREIGN KEY (id_matiere) REFERENCES matiere(id_matiere),
  FOREIGN KEY (id_ens) REFERENCES enseignant(id_ens),
  FOREIGN KEY (id_type_sous) REFERENCES type_soumission(id_type_sous)
);


DROP TABLE IF EXISTS `fichiers_soumission`;
CREATE TABLE IF NOT EXISTS `fichiers_soumission` (
  `id_fichier_sous` int(11) NOT NULL AUTO_INCREMENT PRIMARY KEY,
  `nom_fichier` varchar(255) NOT NULL,
  `chemin_fichier` varchar(255) NOT NULL,
  `id_sous` int(10) DEFAULT NULL,
 FOREIGN KEY (id_sous) REFERENCES soumission(id_sous)
);



CREATE TABLE `etudiant` (
`id_etud` int(10) PRIMARY KEY AUTO_INCREMENT ,
`matricule` varchar(50) NOT NULL UNIQUE,
`nom` varchar(60) DEFAULT NULL,
`prenom` varchar(60) DEFAULT NULL,
`lieu_naiss` varchar(100) DEFAULT NULL,
`Date_naiss` date DEFAULT NULL,
`id_semestre` int(10) DEFAULT NULL,
`annee` varchar(50) DEFAULT NULL,
`email` varchar(50) DEFAULT NULL,
`id_role` int(11) NOT NULL,
`id_groupe` int(10) DEFAULT NULL,
`id_dep` int(10) DEFAULT NULL,
`groupe_td` varchar(60) DEFAULT NULL,
FOREIGN KEY (id_semestre) REFERENCES semestre(id_semestre),
FOREIGN KEY (id_dep) REFERENCES departement(id),
FOREIGN KEY (id_role) REFERENCES role(id_role),
FOREIGN KEY (id_groupe) REFERENCES groupe(id_groupe)
);



CREATE TABLE `enseigner` (
`id_matiere` int(10)  NOT NULL,
`id_ens` int(10)  NOT NULL,
`id_groupe` int(10) NOT NULL,
`id_type_matiere` int(10) NOT NULL,
FOREIGN KEY (id_type_matiere) REFERENCES type_matiere(id_type_matiere),
FOREIGN KEY (id_matiere) REFERENCES matiere(id_matiere),
FOREIGN KEY (id_groupe) REFERENCES groupe(id_groupe),
FOREIGN KEY (id_ens) REFERENCES enseignant(id_ens)
);

CREATE TABLE inscription(
id_insc int AUTO_INCREMENT PRIMARY key ,
id_etud int(10) NOT NULL ,
id_matiere INT(10) NOT NULL ,
id_semestre INT(10) NOT NULL ,
FOREIGN KEY (id_matiere) REFERENCES matiere(id_matiere),
FOREIGN KEY (id_semestre) REFERENCES semestre(id_semestre),
FOREIGN KEY (id_etud) REFERENCES etudiant(id_etud)
);

--

CREATE TABLE matiere_semestre(
	id_matiere_semestre int(10) PRIMARY KEY AUTO_INCREMENT ,
    id_matiere int(10),
    id_semestre int(10),
    FOREIGN KEY (id_matiere) REFERENCES matiere(id_matiere),
    FOREIGN KEY (id_semestre) REFERENCES semestre(id_semestre)
);



CREATE TABLE reponses(
  id_rep int(10) AUTO_INCREMENT PRIMARY key ,
  description_rep varchar(200),
  date datetime DEFAULT NOW(), 
  render bool DEFAULT 0,
  confirmer bool DEFAULT 0,
  note float(10) DEFAULT 0,
  id_sous INT(10) not NULL,
  id_etud INT(10) not NULL,
  FOREIGN KEY (id_sous) REFERENCES soumission(id_sous),
  FOREIGN KEY (id_etud) REFERENCES etudiant(id_etud)
);

CREATE TABLE IF NOT EXISTS `fichiers_reponses` (
  `id_fich_rep` int(11) NOT NULL AUTO_INCREMENT,
  id_rep int(10) NOT NULL,
  `nom_fichiere` varchar(255) NOT NULL,
  `chemin_fichiere` varchar(255) NOT NULL,
  PRIMARY KEY (`id_fich_rep`),
  FOREIGN KEY (id_rep) REFERENCES reponses(id_rep)
);

CREATE TABLE `demande` (
  id_demande int(10) AUTO_INCREMENT PRIMARY key ,
  `id_sous` int(10) DEFAULT NULL,
  `id_etud` int(10) DEFAULT NULL,
  `description` varchar(200) DEFAULT NULL,
  `autoriser` int(1) DEFAULT 0 COMMENT '1=Autoriser | 0= Non Autoriser',
  FOREIGN KEY (id_sous) REFERENCES soumission(id_sous),
  FOREIGN KEY (id_etud) REFERENCES etudiant(id_etud)
);


DROP TABLE IF EXISTS `fichiers_soumission`;
CREATE TABLE IF NOT EXISTS `fichiers_soumission` (
  `id` int(11) NOT NULL AUTO_INCREMENT,
  `id_sous` int(11) NOT NULL,
  `nom_fichier` varchar(255) NOT NULL,
  `chemin_fichier` varchar(255) NOT NULL,
  PRIMARY KEY (`id`),
   FOREIGN KEY (id_sous) REFERENCES soumission(id_sous)
);

CREATE TABLE IF NOT EXISTS `fichiers_reponses` (
  `id_fich_rep` int(11) NOT NULL AUTO_INCREMENT,
  id_rep int(10) NOT NULL,
  `nom_fichiere` varchar(255) NOT NULL,
  `chemin_fichiere` varchar(255) NOT NULL,
  PRIMARY KEY (`id_fich_rep`),
    FOREIGN KEY (id_rep) REFERENCES reponses(id_rep)
);


-- --------------------------------------------------------
-- --------------------------------------------------------


INSERT INTO `semestre` (`id_semestre`, `nom_semestre`) VALUES
(1, 'S1'),
(2, 'S2'),
(3, 'S3'),
(4, 'S4'),
(5, 'S5'),
(6, 'S6');




-- --------------------------------------------------------
-- --------------------------------------------------------



INSERT INTO `role` (`id_role`, `profile`) VALUES
(1, 'Administrateur'),
(2, 'Enseignant'),
(3, 'Étudiant');

-- --------------------------------------------------------
-- --------------------------------------------------------

INSERT INTO `type_soumission` (`id_type_sous`, `libelle`) VALUES 
(1, 'Examen'), 
(2, 'Devoir'), 
(3, 'TP Notée');


-- --------------------------------------------------------
-- --------------------------------------------------------


INSERT INTO `utilisateur` (`login`, `pwd`, `active`, `code`, `id_role`) VALUES
('admin@supnum.mr', '25f9e794323b453885f5181f1b624d0b', 1, '0', 1),
('22018@supnum.mr', '25f9e794323b453885f5181f1b624d0b', 1, '0', 3),
('22053@supnum.mr', '25f9e794323b453885f5181f1b624d0b', 1, '0', 3),
('22086@supnum.mr', '25f9e794323b453885f5181f1b624d0b', 1, '0', 3),
('22014@supnum.mr', '25f9e794323b453885f5181f1b624d0b', 1, '0', 3)
;

-- --------------------------------------------------------
-- --------------------------------------------------------


INSERT INTO `module` (`nom_module`)
VALUES ('Programmation et développement 1'),
      ('Systèmes et Réseaux'),
      ('Outils mathématiques et informatiques'),
      ('Développement personnel');



-- --------------------------------------------------------
-- --------------------------------------------------------


INSERT INTO `departement` ( `code`, `nom`) VALUES
('DSI', 'Devellopement'),
('RSS', 'Réseaux'),
('CNM', 'Multimedia'),
('TC', 'Troncommun');

-- --------------------------------------------------------
-- --------------------------------------------------------


INSERT INTO `type_matiere` (`id_type_matiere`, `libelle_type`) VALUES
(1, 'CM'),
(2, 'TP'),
(3, 'TD'),
(4, 'TP3'),
(5, 'TP4'),
(6, 'TP5'),
(7, 'TP6'),
(8, 'TP1'),
(9, 'TP2'),
(10, 'TD1'),
(11, 'TD2'),
(13, 'TD3'),
(14, 'TD5'),
(16, 'TD6'),
(15, 'TP4'),
(17, 'TD4');
-- --------------------------------------------------------
-- --------------------------------------------------------


INSERT INTO `groupe` (`libelle`, `id_dep`) VALUES
('G1', 4),
('G2', 4),
('G3', 4);


-- --------------------------------------------------------
-- --------------------------------------------------------



INSERT INTO `matiere` (`id_matiere`, `code`, `libelle`, `specialite`, `id_module`, `id_semestre`) VALUES
(13, 'Dev110', 'Algorithmique et programmation C++', 'TC', 1, 1),
(14, 'MAI110', 'Algèbre', 'TC', 3, 1),
(15, 'MAI111', 'Analyse', 'TC', 3, 1),
(16, 'DPR111', 'Anglais', 'TC', 4, 1),
(17, 'Dev111', 'Introduction aux bases de données', 'TC', 1, 1),
(18, 'SYR110', 'Base d\'informatique', 'TC', 2, 1),
(19, 'DPR110', 'Communication', 'TC', 4, 1),
(20, 'MAI112', 'Certification PIX 1', 'TC', 3, 1),
(21, 'DPR112', 'Projet personnel et professionnel 1', 'TC', 4, 1),
(22, 'SYR111', 'Concepts de base de réseaux informatiques', 'TC', 2, 1),
(23, 'Dev112', 'Technologies web', 'TC', 1, 1);




-- --------------------------------------------------------
-- --------------------------------------------------------


INSERT INTO `matiere_semestre` (`id_matiere_semestre`, `id_matiere`, `id_semestre`) VALUES
(1, 13, 1),
(2, 17, 1),
(3, 23, 1),
(4, 19, 1),
(5, 16, 1),
(6, 21, 1),
(7, 14, 1),
(8, 15, 1),
(9, 20, 1),
(10, 18, 1),
(11, 22, 1);


-- --------------------------------------------------------
-- --------------------------------------------------------


INSERT INTO `etudiant` (`id_etud`, `matricule`, `nom`, `prenom`, `lieu_naiss`, `Date_naiss`, `id_semestre`, `annee`, `email`, `id_role`, `id_groupe`, `id_dep`, `groupe_td`) VALUES
(1, '22001', 'Abderahman', 'Mohamed Mahmoud Mezid', '', '0000-00-00', 2, '2023-2024', '22001@supnum.mr', 3, 1, 3, 'TD2'),
(2, '22009', 'Ahmed', 'Mohamed Abba', 'ksar', '2002-02-04', 2, '2023-2024', '22009@supnum.mr', 3, 1, 2, 'TD1'),
(3, '22012', 'Aboubakri', 'N\'Gaide;', 'Tevragh Zeina', '2011-02-02', 2, '2023-2024', '22012@supnum.mr', 3, 1, 2, 'TD2'),
(4, '22023', 'Itawel Oumrou', 'Cheikh Mohamed Vadel', '', '2002-05-02', 2, '2023-2024', '22023@supnum.mr', 3, 2, 2, 'TD3'),
(5, '22029', 'Mohamed', 'Lemine N\'Diayane', 'ksar', '0000-00-00', 2, '2023-2024', '22029@supnum.mr', 3, 1, 3, 'TD2'),
(6, '22031', 'Mama', 'Diakit', 'NDB', '2002-01-02', 2, '2023-2024', '22031@supnum.mr', 3, 2, 3, 'TD3'),
(7, '22032', 'Yahya', 'Elmine', 'Tensigh', '0000-00-00', 2, '2023-2024', '22032@supnum.mr', 3, 2, 2, 'TD4'),
(8, '22042', 'Fatimetou', 'Cheikh Ould Meny', 'Moudjeria', '2001-05-04', 2, '2023-2024', '22042@supnum.mr', 3, 2, 1, 'TD3'),
(9, '22044', 'Mohamed Mahmoud', 'Mohamed Lemine', 'Arafat', '2003-01-03', 2, '2023-2024', '22044@supnum.mr', 3, 2, 3, 'TD3'),
(10, '22049', 'Abd Dayem', 'Ainine', 'Ouad Emmour', '0000-00-00', 2, '2023-2024', '22049@supnum.mr', 3, 2, 2, 'TD4'),
(11, '22052', 'Safia', 'El Hacen', 'ksar', '0000-00-00', 2, '2023-2024', '22052@supnum.mr', 3, 2, 3, 'TD4'),
(12, '22070', 'Mariem', 'El Youssy', 'ksar', '0000-00-00', 2, '2023-2024', '22070@supnum.mr', 3, 1, 2, 'TD1'),
(13, '22076', 'Fatimetou', 'Ahmed Maham', 'Boubacar Ben Amer', '2006-10-03', 2, '2023-2024', '22076@supnum.mr', 3, 3, 1, 'TD5'),
(14, '22078', 'Roughaya', 'Bebane', 'Teyaret', '0000-00-00', 2, '2023-2024', '22078@supnum.mr', 3, 1, 1, 'TD2'),
(15, '22079', 'Oussame Said', '', 'Aleg', '0000-00-00', 2, '2023-2024', '22079@supnum.mr', 3, 3, 1, 'TD5'),
(16, '22080', 'Melika', 'Mohamed Ammou', 'Devaa', '2001-06-04', 2, '2023-2024', '22080@supnum.mr', 3, 2, 1, 'TD3'),
(17, '22088', 'Ousama', 'El Atigh', 'Toujounine', '0000-00-00', 2, '2023-2024', '22088@supnum.mr', 3, 1, 3, 'TD2'),
(18, '22089', 'Mouna', 'El Mokhtar', 'Tiguent', '0000-00-00', 2, '2023-2024', '22089@supnum.mr', 3, 3, 4, 'TD5'),
(19, '23001', 'Fatimetou', 'Deilal', 'Arafat', '0000-00-00', 2, '2023-2024', '23001@supnum.mr', 3, 2, 4, 'TD4'),
(20, '23002', 'Hafsatou', 'Cheikh Sidiya', 'Boutilimitt', '2006-09-05', 2, '2023-2024', '23002@supnum.mr', 3, 2, 4, 'TD3'),
(21, '23003', 'Abdellahi', 'Sid\'Ahmed', 'Toujounine', '0000-00-00', 2, '2023-2024', '23003@supnum.mr', 3, 2, 4, 'TD3'),
(22, '23004', 'Mariem', 'Nemine', 'Toujounine', '0000-00-00', 2, '2023-2024', '23004@supnum.mr', 3, 2, 4, 'TD3'),
(23, '23005', 'Banon', 'Camara', 'Tevragh Zeina', '0000-00-00', 2, '2023-2024', '23005@supnum.mr', 3, 2, 4, 'TD3'),
(24, '23006', 'Aye', 'Ehl Ahmed', 'Teyarett', '0000-00-00', 2, '2023-2024', '23006@supnum.mr', 3, 1, 4, 'TD2'),
(25, '23007', 'Saad', 'Meiloud', 'Elkhat', '0000-00-00', 2, '2023-2024', '23007@supnum.mr', 3, 2, 4, 'TD3'),
(26, '23008', 'Tahre', 'Babah', 'Arafat', '2012-07-04', 2, '2023-2024', '23008@supnum.mr', 3, 1, 4, 'TD2'),
(27, '23009', 'Salek', 'Ameine', 'Atar', '0000-00-00', 2, '2023-2024', '23009@supnum.mr', 3, 3, 4, 'TD5'),
(28, '23010', 'Ahmedou vall', 'Ahmed Khteira', 'Rkiz', '2003-04-03', 2, '2023-2024', '23010@supnum.mr', 3, 1, 4, 'TD2'),
(29, '23011', 'Aicha', 'Benyoug', 'Nouadhibou', '0000-00-00', 2, '2023-2024', '23011@supnum.mr', 3, 3, 4, 'TD5'),
(30, '23012', 'Abdellahi', 'Beye', 'Aioun', '0000-00-00', 2, '2023-2024', '23012@supnum.mr', 3, 1, 4, 'TD1'),
(31, '23013', 'Chiva', 'Khteira', 'Teyarett', '0000-00-00', 2, '2023-2024', '23013@supnum.mr', 3, 1, 4, 'TD1'),
(32, '23014', 'Khadijetou', 'Abeidi', 'Elmina', '2006-06-05', 2, '2023-2024', '23014@supnum.mr', 3, 1, 4, 'TD2'),
(33, '23015', 'Meimouna', 'Kebd', 'Tevragh Zeina', '0000-00-00', 2, '2023-2024', '23015@supnum.mr', 3, 2, 4, 'TD3'),
(34, '23016', 'Zahra', 'M\'Beirik', 'Tevragh Zeina', '2006-09-05', 2, '2023-2024', '23016@supnum.mr', 3, 1, 4, 'TD1'),
(35, '23017', 'Sidatt', 'Belkhair', 'Barkeol', '2006-05-04', 2, '2023-2024', '23017@supnum.mr', 3, 2, 4, 'TD4'),
(36, '23018', 'Fatimetou', 'M\'Hamed', 'Arafat', '0000-00-00', 2, '2023-2024', '23018@supnum.mr', 3, 2, 4, 'TD3'),
(37, '23019', 'Mohamed ahmed', 'Essyad', 'Ouad Naga', '0000-00-00', 2, '2023-2024', '23019@supnum.mr', 3, 1, 4, 'TD2'),
(38, '23020', 'Ahmedou', 'Boumediana', 'Nouadhibou', '0000-00-00', 2, '2023-2024', '23020@supnum.mr', 3, 2, 4, 'TD4'),
(39, '23021', 'Aichetou', 'Beida', 'Guerou', '0000-00-00', 2, '2023-2024', '23021@supnum.mr', 3, 1, 4, 'TD2'),
(40, '23022', 'Mohamed lemine', 'Benani', 'Elmina', '0000-00-00', 2, '2023-2024', '23022@supnum.mr', 3, 3, 4, 'TD5'),
(41, '23023', 'Memah', 'Mawloud', 'Ouad Naga', '0000-00-00', 2, '2023-2024', '23023@supnum.mr', 3, 2, 4, 'TD4'),
(42, '23024', 'Oumkeltoum', 'Mohamedou', 'SELIBABY', '0000-00-00', 2, '2023-2024', '23024@supnum.mr', 3, 2, 4, 'TD4'),
(43, '23025', 'Zeini', 'Cheikh Sidi Ely', 'Oualata', '0000-00-00', 2, '2023-2024', '23025@supnum.mr', 3, 1, 4, 'TD1'),
(44, '23026', 'Nour Dine', 'M\'Beirick', 'Teyarett', '0000-00-00', 2, '2023-2024', '23026@supnum.mr', 3, 1, 4, 'TD2'),
(45, '23027', 'Wethiga', 'Abdel Aziz', 'kiffa', '2002-09-05', 2, '2023-2024', '23027@supnum.mr', 3, 1, 4, 'TD1'),
(46, '23028', 'Ahmed', 'Mohamed Lemine', 'Ksar', '2001-01-05', 2, '2023-2024', '23028@supnum.mr', 3, 1, 4, 'TD2'),
(47, '23029', 'Naji', 'Naji', 'Toujounine', '0000-00-00', 2, '2023-2024', '23029@supnum.mr', 3, 3, 4, 'TD5'),
(48, '23030', 'Abdellahi', 'Beibe', 'Atar', '0000-00-00', 2, '2023-2024', '23030@supnum.mr', 3, 3, 4, 'TD5'),
(49, '23031', 'Mohamed', 'ei hacen Said', 'Toujounine', '2005-02-06', 2, '2023-2024', '23031@supnum.mr', 3, 1, 4, 'TD2'),
(50, '23032', 'Mohamed Yeslem', 'Mohamed Lekhlifa', 'Boutilimitt', '0000-00-00', 2, '2023-2024', '23032@supnum.mr', 3, 2, 4, 'TD3'),
(51, '23033', 'Oumar', 'Sall', 'Bogh&eacute;', '0000-00-00', 2, '2023-2024', '23033@supnum.mr', 3, 2, 4, 'TD4'),
(52, '23034', 'Mariem', 'Mohamed Lemine', 'Elghaira', '2010-12-06', 2, '2023-2024', '23034@supnum.mr', 3, 3, 4, 'TD5'),
(53, '23035', 'El Moukhtar', 'N\'Gourane', 'Keurmac&eacute;ne', '2003-02-03', 2, '2023-2024', '23035@supnum.mr', 3, 3, 4, 'TD5'),
(54, '23036', 'Tahya', 'H\'Malla', 'Nema', '0000-00-00', 2, '2023-2024', '23036@supnum.mr', 3, 1, 4, 'TD1'),
(55, '23037', 'Brahim', 'Sid\'Ahmed', 'Magtalahjar', '2005-12-03', 2, '2023-2024', '23037@supnum.mr', 3, 1, 4, 'TD2'),
(56, '23038', 'Zeid', 'Imigine', 'Elmina', '2004-06-04', 2, '2023-2024', '23038@supnum.mr', 3, 2, 4, 'TD4'),
(57, '23039', 'Mohamdi', 'Dahmed', 'Ksar', '0000-00-00', 2, '2023-2024', '23039@supnum.mr', 3, 2, 4, 'TD3'),
(58, '23040', 'Meimouna', 'Abidin', 'Boutilimitt', '2002-01-03', 2, '2023-2024', '23040@supnum.mr', 3, 1, 4, 'TD1'),
(59, '23041', 'Mohamed Vall', 'Kbeiduche', 'Tevragh Zeina', '0000-00-00', 2, '2023-2024', '23041@supnum.mr', 3, 2, 4, 'TD4'),
(60, '23042', 'Aziz', 'El Bechir', 'Dar Naim', '0000-00-00', 2, '2023-2024', '23042@supnum.mr', 3, 1, 4, 'TD1'),
(61, '23043', 'Saadne', 'Bourweiss', 'Toujounine', '2012-07-04', 2, '2023-2024', '23043@supnum.mr', 3, 1, 4, 'TD1'),
(62, '23044', 'Aichetou', 'Cheibeta', 'Dar Naim', '2010-11-06', 2, '2023-2024', '23044@supnum.mr', 3, 2, 4, 'TD3'),
(63, '23045', 'El Khalil', 'Abdellahi', 'Nouadhibou', '2004-04-04', 2, '2023-2024', '23045@supnum.mr', 3, 1, 4, 'TD1'),
(64, '23046', 'Abdellahi', 'Moulaye', 'Guerou', '2002-01-04', 2, '2023-2024', '23046@supnum.mr', 3, 2, 4, 'TD3'),
(65, '23047', 'Mama', 'Amar Jewda', 'Dar Naim', '2001-01-06', 2, '2023-2024', '23047@supnum.mr', 3, 1, 4, 'TD2'),
(66, '23048', 'Ely Cheikh', 'Ely', 'Arafat', '2010-08-05', 2, '2023-2024', '23048@supnum.mr', 3, 1, 4, 'TD2'),
(67, '23049', 'Mariem', 'Bacar', 'Arafat', '0000-00-00', 2, '2023-2024', '23049@supnum.mr', 3, 3, 4, 'TD5'),
(68, '23050', 'Ebabe', 'Bebate', 'Mederdra', '0000-00-00', 2, '2023-2024', '23050@supnum.mr', 3, 2, 4, 'TD3'),
(69, '23051', 'Mohamed Val', 'Taleb Amar', 'Tevragh zena', '0000-00-00', 2, '2023-2024', '23051@supnum.mr', 3, 3, 4, 'TD5'),
(70, '23052', 'El Maouloud', 'Issilayine', 'Soudoud', '0000-00-00', 2, '2023-2024', '23052@supnum.mr', 3, 3, 4, 'TD5'),
(71, '23053', 'Emaneh', 'Sidi Cheikh', 'ksar', '0000-00-00', 2, '2023-2024', '23053@supnum.mr', 3, 1, 4, 'TD1'),
(72, '23054', 'Brahim', 'Mohamed', 'Timbedra', '0000-00-00', 2, '2023-2024', '23054@supnum.mr', 3, 3, 4, 'TD5'),
(73, '23055', 'Djiary', 'Niang', 'Bogh&eacute;', '0000-00-00', 2, '2023-2024', '23055@supnum.mr', 3, 2, 4, 'TD4'),
(74, '23056', 'Aminetou', 'El Bechir', 'Nouadhibou', '0000-00-00', 2, '2023-2024', '23056@supnum.mr', 3, 2, 4, 'TD3'),
(75, '23057', 'Um Issa', 'Mohamed El Hacen', 'Abou DHABI', '2012-09-04', 2, '2023-2024', '23057@supnum.mr', 3, 2, 4, 'TD4'),
(76, '23058', 'Aiche', 'Kbade', 'Akjoujt', '0000-00-00', 2, '2023-2024', '23058@supnum.mr', 3, 2, 4, 'TD4'),
(77, '23059', 'Mohamed Abdel Haye', 'Mohamed Salem', '', '0000-00-00', 2, '2023-2024', '23059@supnum.mr', 3, 2, 4, 'TD3'),
(78, '23060', 'Abad', 'Aidjah', 'Ksar', '2003-09-06', 2, '2023-2024', '23060@supnum.mr', 3, 2, 4, 'TD4'),
(79, '23061', 'Noura', 'Salem', 'Boutilimit', '2009-05-05', 2, '2023-2024', '23061@supnum.mr', 3, 1, 4, 'TD2'),
(80, '23062', 'Khadijetou', 'Cheikh Abd Dayem', '', '2004-04-04', 2, '2023-2024', '23062@supnum.mr', 3, 3, 4, 'TD5'),
(81, '23063', 'Mohamed Yahya', 'D\'Khilla', 'Elmina', '0000-00-00', 2, '2023-2024', '23063@supnum.mr', 3, 3, 4, 'TD5'),
(82, '23064', 'Ahmed', 'Chorfa', '', '2004-06-04', 2, '2023-2024', '23064@supnum.mr', 3, 1, 4, 'TD2'),
(83, '23065', 'Lala Aicha', 'Ely Ould Ahmed', 'kiffa', '0000-00-00', 2, '2023-2024', '23065@supnum.mr', 3, 1, 4, 'TD1'),
(84, '23066', 'Oumou', 'Diop', 'Nouadhibou', '0000-00-00', 2, '2023-2024', '23066@supnum.mr', 3, 1, 4, 'TD2'),
(85, '23067', 'Mohamed Salem', 'Chavii', 'Arafat', '0000-00-00', 2, '2023-2024', '23067@supnum.mr', 3, 1, 4, 'TD1'),
(86, '23068', 'Mohamed Abdel Hay', 'Baba', 'Toujounine', '2006-07-07', 2, '2023-2024', '23068@supnum.mr', 3, 2, 4, 'TD4'),
(87, '23069', 'Mohameden', 'Debagh', 'Riyad', '2012-07-04', 2, '2023-2024', '23069@supnum.mr', 3, 3, 4, 'TD5'),
(88, '23070', 'Mohamed Lemine', 'Yehdhih', 'Teyarett', '0000-00-00', 2, '2023-2024', '23070@supnum.mr', 3, 2, 4, 'TD4'),
(89, '23071', 'Mohamed Lemine', 'Hamah', 'Ksar', '0000-00-00', 2, '2023-2024', '23071@supnum.mr', 3, 1, 4, 'TD1'),
(90, '23072', 'Mohamed Mahmoud', 'El Yaghouby', 'Riyad', '0000-00-00', 2, '2023-2024', '23072@supnum.mr', 3, 2, 4, 'TD3'),
(91, '23073', 'Naha', 'Soueiguely', 'Boutilimitt', '0000-00-00', 2, '2023-2024', '23073@supnum.mr', 3, 1, 4, 'TD5'),
(92, '23074', 'Fatimetou', 'El Mane', 'Boustela', '0000-00-00', 2, '2023-2024', '23074@supnum.mr', 3, 1, 4, 'TD1'),
(93, '23075', 'Taslem', 'Dadda', 'Rosso', '2004-05-04', 2, '2023-2024', '23075@supnum.mr', 3, 3, 4, 'TD5'),
(94, '23076', 'Mariem', 'Didi', 'Jeddah', '2010-03-04', 2, '2023-2024', '23076@supnum.mr', 3, 1, 4, 'TD2'),
(95, '23077', 'Oumoul Khairy', 'Gaye', 'Sebkha', '0000-00-00', 2, '2023-2024', '23077@supnum.mr', 3, 2, 4, 'TD4'),
(96, '23078', 'Sleimane', 'Hemida', 'Sebkha', '2010-10-02', 2, '2023-2024', '23078@supnum.mr', 3, 3, 4, 'TD5'),
(97, '23079', 'Aya', 'Hbib', 'Teyarett', '0000-00-00', 2, '2023-2024', '23079@supnum.mr', 3, 2, 4, 'TD3'),
(98, '23080', 'Mohamed Sid', '&nbsp;M\'Hamed', 'Tintane', '0000-00-00', 2, '2023-2024', '23080@supnum.mr', 3, 1, 4, 'TD1'),
(99, '23081', 'Oumoulimnin', 'Mahmoud', 'Elmina', '2008-06-02', 2, '2023-2024', '23081@supnum.mr', 3, 2, 4, 'TD3'),
(100, '23082', 'Alya', 'Yahi', 'Toujounine', '0000-00-00', 2, '2023-2024', '23082@supnum.mr', 3, 2, 4, 'TD4'),
(101, '23083', 'Fatimetou', 'Bah', 'kiffa', '0000-00-00', 2, '2023-2024', '23083@supnum.mr', 3, 3, 4, 'TD5'),
(102, '23084', 'Toutou', 'Soueidatt', 'Tintane', '0000-00-00', 2, '2023-2024', '23084@supnum.mr', 3, 3, 4, 'TD5'),
(103, '23085', 'Mariem', 'Minnih', 'Teyarett', '2004-04-04', 2, '2023-2024', '23085@supnum.mr', 3, 1, 4, 'TD2'),
(104, '23086', 'Didi', 'M\'Sabboue', 'Ksar', '0000-00-00', 2, '2023-2024', '23086@supnum.mr', 3, 2, 4, 'TD4'),
(105, '23087', 'Sid\'Ahmed', 'Saike', 'Atar', '0000-00-00', 2, '2023-2024', '23087@supnum.mr', 3, 1, 4, 'TD2'),
(106, '23088', 'Idy Ba', 'Mohamed Essalem', 'kiffa', '0000-00-00', 2, '2023-2024', '23088@supnum.mr', 3, 3, 4, 'TD5'),
(107, '23089', 'Mohamed', 'Mohamed', 'Magtalahjar', '0000-00-00', 2, '2023-2024', '23089@supnum.mr', 3, 1, 4, 'TD1'),
(108, '23090', 'Ahmed Salem', 'El Khaye', 'Rkiz', '0000-00-00', 2, '2023-2024', '23090@supnum.mr', 3, 3, 4, 'TD5'),
(109, '23091', 'Houleimata', 'Lo', 'Arafat', '0000-00-00', 2, '2023-2024', '23091@supnum.mr', 3, 1, 4, 'TD2'),
(110, '23092', 'Cheikh El Khadi', 'Khyarhoum', 'Sangrave', '2004-02-04', 2, '2023-2024', '23092@supnum.mr', 3, 1, 4, 'TD1'),
(111, '23093', 'Sidi', 'Amar', 'Riyad', '2012-03-03', 2, '2023-2024', '23093@supnum.mr', 3, 1, 4, 'TD2'),
(112, '23094', 'Mohamed', 'Cheikh Sidya', 'Boutilimitt', '2010-10-03', 2, '2023-2024', '23094@supnum.mr', 3, 2, 4, 'TD3'),
(113, '23095', 'Mohamed Lemine', 'Allouche', 'Nouadhibou', '0000-00-00', 2, '2023-2024', '23095@supnum.mr', 3, 2, 4, 'TD4'),
(114, '23096', 'Mamoudou', 'Tour&eacute;', 'Sebkha', '0000-00-00', 2, '2023-2024', '23096@supnum.mr', 3, 2, 4, 'TD3'),
(115, '23097', 'Lalle Vatma', 'Cheikh Mohamed Vadel', 'Elmina', '0000-00-00', 2, '2023-2024', '23097@supnum.mr', 3, 2, 4, 'TD4'),
(116, '23098', 'Sidiya', 'Mohamed Weiss', 'Arafat', '0000-00-00', 2, '2023-2024', '23098@supnum.mr', 3, 2, 4, 'TD3'),
(117, '23099', 'Mohamed Elmokhtar', 'Taledb Abdellahi', 'Teyarett', '0000-00-00', 2, '2023-2024', '23099@supnum.mr', 3, 1, 4, 'TD1'),
(118, '23100', 'Mohamed El Habibe', 'El Hadi', 'Toujounine', '2003-09-05', 2, '2023-2024', '23100@supnum.mr', 3, 1, 4, 'TD2'),
(119, '23101', 'Salah Dine', 'Khyar', 'Dar Naim', '2011-08-04', 2, '2023-2024', '23101@supnum.mr', 3, 2, 4, 'TD3');


-- --------------------------------------------------------
-- --------------------------------------------------------


INSERT INTO `enseignant` (`id_ens`, `nom`, `prenom`, `Date_naiss`, `lieu_naiss`, `email`, `num_tel`, `num_whatsapp`, `diplome`, `grade`, `id_role`) VALUES
(34, 'Moctar', 'Abderrahmane Sidi El', '0000-00-00', 'NKTT', 'abderrahmane.sidi-elmoctar@supnum.mr', 22420813, 22420813, 'Prof', 'Prof', 2),
(35, 'Cheikhna', 'Aboubecrine', '0000-00-00', 'NKTT', 'aboubacrine.cheikhna@supnum.mr', 22420813, 22420813, 'Prof', 'Prof', 2),
(36, 'Aboubecrine', 'Aicha', '0000-00-00', 'NKTT', 'aicha.aboubecrine@supnum.mr', 22420813, 22420813, 'Prof', 'Prof', 2),
(37, 'Mohamedou', 'Debagh', '0000-00-00', 'NKTT', 'mohamedou.debagh@supnum.mr', 22420813, 22420813, 'Prof', 'Prof', 2),
(38, 'Sow', 'Ahmed Adama', '0000-00-00', 'NKTT', 'ahmed.sow@supnum.mr', 22420813, 22420813, 'Prof', 'Prof', 2),
(39, 'Elhadj', 'El Hacen', '0000-00-00', 'NKTT', 'elhacen.elhadj@supnum.m', 22420813, 22420813, 'Prof', 'Prof', 2),
(40, 'Babou', 'Hafeth M. Mohamed', '0000-00-00', 'NKTT', 'hafedh.mohamed-babou@supnum.mr', 22420813, 22420813, 'Prof', 'Prof', 2),
(41, 'Rabeh Hammady', ' Ahmed Dine', '0000-00-00', 'NKTT', 'hammady.rabeh@supnum.mr', 22420813, 22420813, 'Prof', 'Prof', 2),
(42, 'Guerea Mohamed', 'Cheikh Nagi', '0000-00-00', 'NKTT', 'mcheikh.guerea@supnum.mr', 22420813, 22420813, 'Prof', 'Prof', 2),
(43, 'Aly ', 'Nagi', '0000-00-00', 'NKTT', 'nagi.taleb-aly@supnum.mr', 22420813, 22420813, 'Prof', 'Prof', 2),
(44, 'Bellal Abada', 'Mariem ', '0000-00-00', 'NKTT', 'mariem.bellal@supnum.mr', 22420813, 22420813, 'Prof', 'Prof', 2),
(45, 'Biha', 'Sidi Mohamed Lemine', '0000-00-00', 'NKTT', 'sidi.biha@supnum.mr', 22420813, 22420813, 'Prof', 'Prof', 2),
(46, 'Soufi', 'Brahim Med Nouh Cheikh', '0000-00-00', 'NKTT', 'brahim.cheikh-soufi@supnum.mr', 22420813, 22420813, 'Prof', 'Prof', 2),
(47, 'Cheikh', 'Abdellahi Ahmed', '0000-00-00', 'NKTT', 'abdellahi.cheikh@supnum.mr', 22420813, 22420813, 'Prof', 'Prof', 2),
(48, 'khourou', 'El Moustapha Saleck', '0000-00-00', 'NKTT', 'el-moustapha.ekhourou@supnum.mr', 22420813, 22420813, 'Prof', 'Prof', 2),
(49, 'Sidaty', 'Sidaty Mohamedou', '0000-00-00', 'NKTT', 'sidaty.mohamedou@supnum.mr', 22420813, 22420813, 'Prof', 'Prof', 2),
(50, 'ElAoun', 'Moustapha Sidi', '0000-00-00', 'NKTT', 'moustapha.elaoun@supnum.mr', 22420813, 22420813, 'Prof', 'Prof', 2),
(51, 'Soumare', 'Abdallahi Moussa', '0000-00-00', 'NKTT', 'abdellahi.soumare@supnum.mr', 22420813, 22420813, 'Prof', 'Prof', 2),
(52, 'Bakar', 'Ahmed Ahmed', '0000-00-00', 'NKTT', 'ahmed.bakar@supnum.mr', 22420813, 22420813, 'Prof', 'Prof', 2),
(53, 'Abdallahi', 'Mariem Mohamed', '0000-00-00', 'NKTT', 'mariem.abdallahi@supnum.mr', 22420813, 22420813, 'Prof', 'Prof', 2),
(54, 'Louly', 'Mohamed Aly', '0000-00-00', 'NKTT', 'ma.louly@supnum.mr', 22420813, 22420813, 'Prof', 'Prof', 2),
(55, 'Baba', 'Elyekheir Mint Yahya', '0000-00-00', 'NKTT', 'eluekheir-yahaya.baba@supnum.mr', 22420813, 22420813, 'Prof', 'Prof', 2),
(56, 'ElHassen', 'Aichetou', '0000-00-00', 'NKTT', 'aichetou.el-hassen@supnum.mr', 22420813, 22420813, 'Prof', 'Prof', 2),
(57, 'Khiar', 'Bouha Neama Cheikh Taleb', '0000-00-00', 'NKTT', 'bouha.ch-ta-khiar@supnum.mr', 22420813, 22420813, 'Prof', 'Prof', 2),
(58, 'Abdy', 'Sidi Mohamed', '0000-00-00', 'NKTT', 'sidimohamed.abdy@supnum.mr', 22420813, 22420813, 'Prof', 'Prof', 2),
(59, 'Lam', 'Mamadou', '0000-00-00', 'NKTT', 'mamadou.lam@supnum.mr', 22420813, 22420813, 'Prof', 'Prof', 2),
(60, 'Abdellahi', 'Hama Cheikh', '0000-00-00', 'NKTT', 'hama.abdellahi@supnum.mr', 22420813, 22420813, 'Prof', 'Prof', 2),
(61, 'Selam', 'Varha Abd', '0000-00-00', 'NKTT', 'varha.abdselam@supnum.mr', 22420813, 22420813, 'Prof', 'Prof', 2),
(62, 'Mohamed', 'Saghir', '0000-00-00', 'NKTT', 'saghir.mohamed@supnum.mr', 22420813, 22420813, 'Prof', 'Prof', 2),
(63, 'Maouloud', 'Mouhamed Sidi Mouhamed', '0000-00-00', 'NKTT', 'msidi.maouloud@supnum.mr', 22420813, 22420813, 'Prof', 'Prof', 2),
(64, 'vall', 'Moctar Med', '0000-00-00', 'NKTT', 'moctar.ahmedval@supnum.mr', 22420813, 22420813, 'Prof', 'Prof', 2),
(65, 'Sejad', 'Ahmed', '0000-00-00', 'NKTT', 'ahmed.sejad@supnum.mr', 22420813, 22420813, 'Prof', 'Prof', 2),
(66, 'Mohamed Lamine', 'Mohamed Lamine', '1984-09-02', 'nktt', 'm-lamine.ahmed-sidi@supnum.mr', NULL, NULL, 'master', 'maître assistant', 2),
(1, 'Cheikh', 'Dhib', '1983-01-22', 'nktt', 'cheikh.dhib@supnum.mr', NULL, NULL, 'doctor', 'directeur', 2),
(2, 'Moussa', 'Demba', '1989-10-12', 'nkt', 'moussa.demba@supnum.mr', NULL, NULL, 'doctor', 'directeur adjoint', 2),
(3, 'Meya', 'Haroune', '1993-06-22', 'nktt', 'meya.haroune@supnum.mr', NULL, NULL, 'doctor', 'prof', 2),
(4, 'Sidi', 'Mohamed', '1995-10-27', 'Rosso', 'sidi.med@supnum.mr', NULL, NULL, 'doctor', 'maître assistant', 2),
(7, 'sidi', 'soueina', '1983-01-22', 'nktt', 'sidi.souiena@supnum.mr', NULL, NULL, 'doctor', 'prof', 2),
(80, 'Mohamed Lamine', 'Mohamed Lamine', '1984-09-02', 'nktt', 'm-lamine.ahmed-sidi@supnum.mr', NULL, NULL, 'master', 'maître assistant', 2),
(81, 'ElMamy ', 'Sidi Boubacar', NULL, NULL, NULL, NULL, NULL, NULL, NULL, 2),
(82, 'Fatimetou ', ' Abdou ', NULL, NULL, NULL, NULL, NULL, NULL, NULL, 2),
(83, 'Rifaa ', '  Sadegh ', NULL, NULL, NULL, NULL, NULL, NULL, NULL, 2),
(84, 'EL Hacen', 'Elhadj ', NULL, NULL, NULL, NULL, NULL, NULL, NULL, 2);


-- --------------------------------------------------------
-- --------------------------------------------------------


INSERT INTO `enseigner` (`id_matiere`, `id_ens`, `id_groupe`, `id_type_matiere`) VALUES
(13, 39, 2, 2),
(13, 40, 1, 1),
(13, 38, 1, 3),
(17, 36, 2, 4),
(17, 2, 1, 2),
(17, 2, 2, 1),
(17, 2, 1, 1),
(18, 3, 2, 13),
(13, 44, 1, 2),
(23, 36, 2, 1),
(23, 36, 2, 4),
(23, 35, 2, 5),
(23, 43, 1, 1),
(23, 36, 2, 5),
(23, 43, 1, 2),
(23, 43, 1, 3),
(23, 2, 3, 1),
(23, 2, 3, 6),
(18, 1, 1, 1),
(18, 3, 2, 1),
(18, 3, 3, 1),
(18, 60, 1, 9),
(17, 43, 2, 5),
(17, 2, 1, 10),
(17, 35, 2, 13),
(17, 43, 2, 15),
(21, 7, 1, 1),
(21, 7, 1, 8),
(21, 7, 2, 1),
(21, 7, 2, 8),
(21, 7, 3, 1),
(13, 39, 2, 2),
(13, 40, 1, 1),
(13, 38, 1, 3),
(17, 36, 2, 4),
(17, 2, 1, 2),
(17, 2, 2, 1),
(17, 2, 1, 1),
(18, 3, 2, 13),
(13, 44, 1, 2),
(23, 36, 2, 1),
(23, 36, 2, 4),
(23, 35, 2, 5),
(23, 43, 1, 1),
(23, 36, 2, 5),
(23, 43, 1, 2),
(23, 43, 1, 3),
(23, 2, 3, 1),
(23, 2, 3, 6),
(18, 1, 1, 1),
(18, 3, 2, 1),
(18, 3, 3, 1),
(18, 60, 1, 9),
(17, 43, 2, 5),
(17, 2, 1, 10),
(17, 35, 2, 13),
(17, 43, 2, 15),
(21, 7, 1, 1),
(21, 7, 1, 8),
(21, 7, 2, 1),
(21, 7, 2, 8),
(21, 7, 3, 1),
(21, 7, 3, 8),
(20, 36, 1, 2),
(20, 43, 2, 2),
(20, 36, 1, 3),
(20, 43, 2, 3),
(20, 36, 1, 1),
(20, 43, 2, 1),
(20, 66, 3, 1),
(20, 66, 3, 2),
(20, 66, 3, 3),
(21, 7, 3, 8),
(13, 81, 1, 9),
(13, 80, 1, 3),
(13, 4, 2, 1),
(17, 39, 1, 9),
(17, 39, 3, 6),
(17, 39, 1, 11),
(17, 39, 3, 14),
(18, 47, 1, 3),
(18, 47, 1, 10),
(18, 39, 1, 11),
(18, 47, 2, 17),
(19, 58, 1, 1);



-- --------------------------------------------------------
-- --------------------------------------------------------


INSERT INTO `inscription` (`id_insc`, `id_etud`, `id_matiere`, `id_semestre`) VALUES
(1, 1, 14, 1),
(2, 2, 14, 1),
(3, 4, 14, 1),
(4, 5, 14, 1),
(5, 6, 14, 1),
(6, 7, 14, 1),
(7, 8, 14, 1),
(8, 9, 14, 1),
(9, 10, 14, 1),
(10, 11, 14, 1),
(11, 12, 14, 1),
(12, 13, 14, 1),
(13, 14, 14, 1),
(14, 15, 14, 1),
(15, 16, 14, 1),
(16, 17, 14, 1),
(17, 18, 14, 1),
(18, 19, 14, 1),
(19, 20, 14, 1),
(20, 21, 14, 1),
(21, 22, 14, 1),
(22, 23, 14, 1),
(23, 24, 14, 1),
(24, 25, 14, 1),
(25, 26, 14, 1),
(26, 27, 14, 1),
(27, 28, 14, 1),
(28, 29, 14, 1),
(29, 30, 14, 1),
(30, 31, 14, 1),
(31, 32, 14, 1),
(32, 33, 14, 1),
(33, 34, 14, 1),
(34, 35, 14, 1),
(35, 36, 14, 1),
(36, 37, 14, 1),
(37, 38, 14, 1),
(38, 39, 14, 1),
(39, 40, 14, 1),
(40, 41, 14, 1),
(41, 42, 14, 1),
(42, 43, 14, 1),
(43, 44, 14, 1),
(44, 45, 14, 1),
(45, 46, 14, 1),
(46, 47, 14, 1),
(47, 48, 14, 1),
(48, 49, 14, 1),
(49, 50, 14, 1),
(50, 51, 14, 1),
(51, 52, 14, 1),
(52, 53, 14, 1),
(53, 54, 14, 1),
(54, 55, 14, 1),
(55, 56, 14, 1),
(56, 57, 14, 1),
(57, 58, 14, 1),
(58, 59, 14, 1),
(59, 60, 14, 1),
(60, 61, 14, 1),
(61, 62, 14, 1),
(62, 63, 14, 1),
(63, 64, 14, 1),
(64, 65, 14, 1),
(65, 66, 14, 1),
(66, 67, 14, 1),
(67, 68, 14, 1),
(68, 69, 14, 1),
(69, 70, 14, 1),
(70, 71, 14, 1),
(71, 72, 14, 1),
(72, 73, 14, 1),
(73, 74, 14, 1),
(74, 75, 14, 1),
(75, 76, 14, 1),
(76, 77, 14, 1),
(77, 78, 14, 1),
(78, 79, 14, 1),
(79, 80, 14, 1),
(80, 81, 14, 1),
(81, 82, 14, 1),
(82, 83, 14, 1),
(83, 84, 14, 1),
(84, 85, 14, 1),
(85, 86, 14, 1),
(86, 87, 14, 1),
(87, 88, 14, 1),
(88, 89, 14, 1),
(89, 90, 14, 1),
(90, 91, 14, 1),
(91, 92, 14, 1),
(92, 93, 14, 1),
(93, 94, 14, 1),
(94, 95, 14, 1),
(95, 96, 14, 1),
(96, 97, 14, 1),
(97, 98, 14, 1),
(98, 99, 14, 1),
(99, 100, 14, 1),
(100, 101, 14, 1),
(101, 102, 14, 1),
(102, 103, 14, 1),
(103, 104, 14, 1),
(104, 105, 14, 1),
(105, 106, 14, 1),
(106, 107, 14, 1),
(107, 108, 14, 1),
(108, 109, 14, 1),
(109, 110, 14, 1),
(110, 111, 14, 1),
(111, 112, 14, 1),
(112, 113, 14, 1),
(113, 114, 14, 1),
(114, 115, 14, 1),
(115, 116, 14, 1),
(116, 117, 14, 1),
(117, 118, 14, 1),
(118, 119, 14, 1),
(119, 1, 13, 1),
(120, 2, 13, 1),
(121, 4, 13, 1),
(122, 5, 13, 1),
(123, 6, 13, 1),
(124, 7, 13, 1),
(125, 8, 13, 1),
(126, 9, 13, 1),
(127, 10, 13, 1),
(128, 11, 13, 1),
(129, 12, 13, 1),
(130, 13, 13, 1),
(131, 14, 13, 1),
(132, 15, 13, 1),
(133, 16, 13, 1),
(134, 17, 13, 1),
(135, 18, 13, 1),
(136, 19, 13, 1),
(137, 20, 13, 1),
(138, 21, 13, 1),
(139, 22, 13, 1),
(140, 23, 13, 1),
(141, 24, 13, 1),
(142, 25, 13, 1),
(143, 26, 13, 1),
(144, 27, 13, 1),
(145, 28, 13, 1),
(146, 29, 13, 1),
(147, 30, 13, 1),
(148, 31, 13, 1),
(149, 32, 13, 1),
(150, 33, 13, 1),
(151, 34, 13, 1),
(152, 35, 13, 1),
(153, 36, 13, 1),
(154, 37, 13, 1),
(155, 38, 13, 1),
(156, 39, 13, 1),
(157, 40, 13, 1),
(158, 41, 13, 1),
(159, 42, 13, 1),
(160, 43, 13, 1),
(161, 44, 13, 1),
(162, 45, 13, 1),
(163, 46, 13, 1),
(164, 47, 13, 1),
(165, 48, 13, 1),
(166, 49, 13, 1),
(167, 50, 13, 1),
(168, 51, 13, 1),
(169, 52, 13, 1),
(170, 53, 13, 1),
(171, 54, 13, 1),
(172, 55, 13, 1),
(173, 56, 13, 1),
(174, 57, 13, 1),
(175, 58, 13, 1),
(176, 59, 13, 1),
(177, 60, 13, 1),
(178, 61, 13, 1),
(179, 62, 13, 1),
(180, 63, 13, 1),
(181, 64, 13, 1),
(182, 65, 13, 1),
(183, 66, 13, 1),
(184, 67, 13, 1),
(185, 68, 13, 1),
(186, 69, 13, 1),
(187, 70, 13, 1),
(188, 71, 13, 1),
(189, 72, 13, 1),
(190, 73, 13, 1),
(191, 74, 13, 1),
(192, 75, 13, 1),
(193, 76, 13, 1),
(194, 77, 13, 1),
(195, 78, 13, 1),
(196, 79, 13, 1),
(197, 80, 13, 1),
(198, 81, 13, 1),
(199, 82, 13, 1),
(200, 83, 13, 1),
(201, 84, 13, 1),
(202, 85, 13, 1),
(203, 86, 13, 1),
(204, 87, 13, 1),
(205, 88, 13, 1),
(206, 89, 13, 1),
(207, 90, 13, 1),
(208, 91, 13, 1),
(209, 92, 13, 1),
(210, 93, 13, 1),
(211, 94, 13, 1),
(212, 95, 13, 1),
(213, 96, 13, 1),
(214, 97, 13, 1),
(215, 98, 13, 1),
(216, 99, 13, 1),
(217, 100, 13, 1),
(218, 101, 13, 1),
(219, 102, 13, 1),
(220, 103, 13, 1),
(221, 104, 13, 1),
(222, 105, 13, 1),
(223, 106, 13, 1),
(224, 107, 13, 1),
(225, 108, 13, 1),
(226, 109, 13, 1),
(227, 110, 13, 1),
(228, 111, 13, 1),
(229, 112, 13, 1),
(230, 113, 13, 1),
(231, 114, 13, 1),
(232, 115, 13, 1),
(233, 116, 13, 1),
(234, 117, 13, 1),
(235, 118, 13, 1),
(236, 119, 13, 1),
(237, 1, 15, 1),
(238, 2, 15, 1),
(239, 4, 15, 1),
(240, 5, 15, 1),
(241, 6, 15, 1),
(242, 8, 15, 1),
(243, 9, 15, 1),
(244, 10, 15, 1),
(245, 11, 15, 1),
(246, 12, 15, 1),
(247, 13, 15, 1),
(248, 14, 15, 1),
(249, 15, 15, 1),
(250, 16, 15, 1),
(251, 17, 15, 1),
(252, 18, 15, 1),
(253, 19, 15, 1),
(254, 20, 15, 1),
(255, 21, 15, 1),
(256, 22, 15, 1),
(257, 23, 15, 1),
(258, 24, 15, 1),
(259, 25, 15, 1),
(260, 26, 15, 1),
(261, 27, 15, 1),
(262, 28, 15, 1),
(263, 29, 15, 1),
(264, 30, 15, 1),
(265, 31, 15, 1),
(266, 32, 15, 1),
(267, 33, 15, 1),
(268, 34, 15, 1),
(269, 35, 15, 1),
(270, 36, 15, 1),
(271, 37, 15, 1),
(272, 38, 15, 1),
(273, 39, 15, 1),
(274, 40, 15, 1),
(275, 41, 15, 1),
(276, 42, 15, 1),
(277, 43, 15, 1),
(278, 44, 15, 1),
(279, 45, 15, 1),
(280, 46, 15, 1),
(281, 47, 15, 1),
(282, 48, 15, 1),
(283, 49, 15, 1),
(284, 50, 15, 1),
(285, 51, 15, 1),
(286, 52, 15, 1),
(287, 53, 15, 1),
(288, 54, 15, 1),
(289, 55, 15, 1),
(290, 56, 15, 1),
(291, 57, 15, 1),
(292, 58, 15, 1),
(293, 59, 15, 1),
(294, 60, 15, 1),
(295, 61, 15, 1),
(296, 62, 15, 1),
(297, 63, 15, 1),
(298, 64, 15, 1),
(299, 65, 15, 1),
(300, 66, 15, 1),
(301, 67, 15, 1),
(302, 68, 15, 1),
(303, 69, 15, 1),
(304, 70, 15, 1),
(305, 71, 15, 1),
(306, 72, 15, 1),
(307, 73, 15, 1),
(308, 74, 15, 1),
(309, 75, 15, 1),
(310, 76, 15, 1),
(311, 77, 15, 1),
(312, 78, 15, 1),
(313, 79, 15, 1),
(314, 80, 15, 1),
(315, 81, 15, 1),
(316, 82, 15, 1),
(317, 83, 15, 1),
(318, 84, 15, 1),
(319, 85, 15, 1),
(320, 86, 15, 1),
(321, 87, 15, 1),
(322, 88, 15, 1),
(323, 89, 15, 1),
(324, 90, 15, 1),
(325, 91, 15, 1),
(326, 92, 15, 1),
(327, 93, 15, 1),
(328, 94, 15, 1),
(329, 95, 15, 1),
(330, 96, 15, 1),
(331, 97, 15, 1),
(332, 98, 15, 1),
(333, 99, 15, 1),
(334, 100, 15, 1),
(335, 101, 15, 1),
(336, 102, 15, 1),
(337, 103, 15, 1),
(338, 104, 15, 1),
(339, 105, 15, 1),
(340, 106, 15, 1),
(341, 107, 15, 1),
(342, 108, 15, 1),
(343, 109, 15, 1),
(344, 110, 15, 1),
(345, 111, 15, 1),
(346, 112, 15, 1),
(347, 113, 15, 1),
(348, 114, 15, 1),
(349, 115, 15, 1),
(350, 116, 15, 1),
(351, 117, 15, 1),
(352, 118, 15, 1),
(353, 119, 15, 1),
(354, 3, 16, 1),
(355, 4, 16, 1),
(356, 5, 16, 1),
(357, 7, 16, 1),
(358, 8, 16, 1),
(359, 9, 16, 1),
(360, 10, 16, 1),
(361, 11, 16, 1),
(362, 12, 16, 1),
(363, 13, 16, 1),
(364, 14, 16, 1),
(365, 15, 16, 1),
(366, 17, 16, 1),
(367, 18, 16, 1),
(368, 19, 16, 1),
(369, 20, 16, 1),
(370, 21, 16, 1),
(371, 22, 16, 1),
(372, 23, 16, 1),
(373, 24, 16, 1),
(374, 25, 16, 1),
(375, 26, 16, 1),
(376, 27, 16, 1),
(377, 28, 16, 1),
(378, 29, 16, 1),
(379, 30, 16, 1),
(380, 31, 16, 1),
(381, 32, 16, 1),
(382, 33, 16, 1),
(383, 34, 16, 1),
(384, 35, 16, 1),
(385, 36, 16, 1),
(386, 37, 16, 1),
(387, 38, 16, 1),
(388, 39, 16, 1),
(389, 40, 16, 1),
(390, 41, 16, 1),
(391, 42, 16, 1),
(392, 43, 16, 1),
(393, 44, 16, 1),
(394, 45, 16, 1),
(395, 46, 16, 1),
(396, 47, 16, 1),
(397, 48, 16, 1),
(398, 49, 16, 1),
(399, 50, 16, 1),
(400, 51, 16, 1),
(401, 52, 16, 1),
(402, 53, 16, 1),
(403, 54, 16, 1),
(404, 55, 16, 1),
(405, 56, 16, 1),
(406, 57, 16, 1),
(407, 58, 16, 1),
(408, 59, 16, 1),
(409, 60, 16, 1),
(410, 61, 16, 1),
(411, 62, 16, 1),
(412, 63, 16, 1),
(413, 64, 16, 1),
(414, 65, 16, 1),
(415, 66, 16, 1),
(416, 67, 16, 1),
(417, 68, 16, 1),
(418, 69, 16, 1),
(419, 70, 16, 1),
(420, 71, 16, 1),
(421, 72, 16, 1),
(422, 73, 16, 1),
(423, 74, 16, 1),
(424, 75, 16, 1),
(425, 76, 16, 1),
(426, 77, 16, 1),
(427, 78, 16, 1),
(428, 79, 16, 1),
(429, 80, 16, 1),
(430, 81, 16, 1),
(431, 82, 16, 1),
(432, 83, 16, 1),
(433, 84, 16, 1),
(434, 85, 16, 1),
(435, 86, 16, 1),
(436, 87, 16, 1),
(437, 88, 16, 1),
(438, 89, 16, 1),
(439, 90, 16, 1),
(440, 91, 16, 1),
(441, 92, 16, 1),
(442, 93, 16, 1),
(443, 94, 16, 1),
(444, 95, 16, 1),
(445, 96, 16, 1),
(446, 97, 16, 1),
(447, 98, 16, 1),
(448, 99, 16, 1),
(449, 100, 16, 1),
(450, 101, 16, 1),
(451, 102, 16, 1),
(452, 103, 16, 1),
(453, 104, 16, 1),
(454, 105, 16, 1),
(455, 106, 16, 1),
(456, 107, 16, 1),
(457, 108, 16, 1),
(458, 109, 16, 1),
(459, 110, 16, 1),
(460, 111, 16, 1),
(461, 112, 16, 1),
(462, 113, 16, 1),
(463, 114, 16, 1),
(464, 115, 16, 1),
(465, 116, 16, 1),
(466, 117, 16, 1),
(467, 118, 16, 1),
(468, 119, 16, 1),
(469, 1, 17, 1),
(470, 2, 17, 1),
(471, 4, 17, 1),
(472, 5, 17, 1),
(473, 6, 17, 1),
(474, 7, 17, 1),
(475, 8, 17, 1),
(476, 9, 17, 1),
(477, 10, 17, 1),
(478, 12, 17, 1),
(479, 13, 17, 1),
(480, 15, 17, 1),
(481, 16, 17, 1),
(482, 17, 17, 1),
(483, 18, 17, 1),
(484, 19, 17, 1),
(485, 20, 17, 1),
(486, 21, 17, 1),
(487, 22, 17, 1),
(488, 23, 17, 1),
(489, 24, 17, 1),
(490, 25, 17, 1),
(491, 26, 17, 1),
(492, 27, 17, 1),
(493, 28, 17, 1),
(494, 29, 17, 1),
(495, 30, 17, 1),
(496, 31, 17, 1),
(497, 32, 17, 1),
(498, 33, 17, 1),
(499, 34, 17, 1),
(500, 35, 17, 1),
(501, 36, 17, 1),
(502, 37, 17, 1),
(503, 38, 17, 1),
(504, 39, 17, 1),
(505, 40, 17, 1),
(506, 41, 17, 1),
(507, 42, 17, 1),
(508, 43, 17, 1),
(509, 44, 17, 1),
(510, 45, 17, 1),
(511, 46, 17, 1),
(512, 47, 17, 1),
(513, 48, 17, 1),
(514, 49, 17, 1),
(515, 50, 17, 1),
(516, 51, 17, 1),
(517, 52, 17, 1),
(518, 53, 17, 1),
(519, 54, 17, 1),
(520, 55, 17, 1),
(521, 56, 17, 1),
(522, 57, 17, 1),
(523, 58, 17, 1),
(524, 59, 17, 1),
(525, 60, 17, 1),
(526, 61, 17, 1),
(527, 62, 17, 1),
(528, 63, 17, 1),
(529, 64, 17, 1),
(530, 65, 17, 1),
(531, 66, 17, 1),
(532, 67, 17, 1),
(533, 68, 17, 1),
(534, 69, 17, 1),
(535, 70, 17, 1),
(536, 71, 17, 1),
(537, 72, 17, 1),
(538, 73, 17, 1),
(539, 74, 17, 1),
(540, 75, 17, 1),
(541, 76, 17, 1),
(542, 77, 17, 1),
(543, 78, 17, 1),
(544, 79, 17, 1),
(545, 80, 17, 1),
(546, 81, 17, 1),
(547, 82, 17, 1),
(548, 83, 17, 1),
(549, 84, 17, 1),
(550, 85, 17, 1),
(551, 86, 17, 1),
(552, 87, 17, 1),
(553, 88, 17, 1),
(554, 89, 17, 1),
(555, 90, 17, 1),
(556, 91, 17, 1),
(557, 92, 17, 1),
(558, 93, 17, 1),
(559, 94, 17, 1),
(560, 95, 17, 1),
(561, 96, 17, 1),
(562, 97, 17, 1),
(563, 98, 17, 1),
(564, 99, 17, 1),
(565, 100, 17, 1),
(566, 101, 17, 1),
(567, 102, 17, 1),
(568, 103, 17, 1),
(569, 104, 17, 1),
(570, 105, 17, 1),
(571, 106, 17, 1),
(572, 107, 17, 1),
(573, 108, 17, 1),
(574, 109, 17, 1),
(575, 110, 17, 1),
(576, 111, 17, 1),
(577, 112, 17, 1),
(578, 113, 17, 1),
(579, 114, 17, 1),
(580, 115, 17, 1),
(581, 116, 17, 1),
(582, 117, 17, 1),
(583, 118, 17, 1),
(584, 119, 17, 1),
(585, 1, 18, 1),
(586, 5, 18, 1),
(587, 8, 18, 1),
(588, 9, 18, 1),
(589, 11, 18, 1),
(590, 12, 18, 1),
(591, 13, 18, 1),
(592, 14, 18, 1),
(593, 16, 18, 1),
(594, 17, 18, 1),
(595, 18, 18, 1),
(596, 19, 18, 1),
(597, 20, 18, 1),
(598, 21, 18, 1),
(599, 22, 18, 1),
(600, 23, 18, 1),
(601, 24, 18, 1),
(602, 25, 18, 1),
(603, 26, 18, 1),
(604, 27, 18, 1),
(605, 28, 18, 1),
(606, 29, 18, 1),
(607, 30, 18, 1),
(608, 31, 18, 1),
(609, 32, 18, 1),
(610, 33, 18, 1),
(611, 34, 18, 1),
(612, 35, 18, 1),
(613, 36, 18, 1),
(614, 37, 18, 1),
(615, 38, 18, 1),
(616, 39, 18, 1),
(617, 40, 18, 1),
(618, 41, 18, 1),
(619, 42, 18, 1),
(620, 43, 18, 1),
(621, 44, 18, 1),
(622, 45, 18, 1),
(623, 46, 18, 1),
(624, 47, 18, 1),
(625, 48, 18, 1),
(626, 49, 18, 1),
(627, 50, 18, 1),
(628, 51, 18, 1),
(629, 52, 18, 1),
(630, 53, 18, 1),
(631, 54, 18, 1),
(632, 55, 18, 1),
(633, 56, 18, 1),
(634, 57, 18, 1),
(635, 58, 18, 1),
(636, 59, 18, 1),
(637, 60, 18, 1),
(638, 61, 18, 1),
(639, 62, 18, 1),
(640, 63, 18, 1),
(641, 64, 18, 1),
(642, 65, 18, 1),
(643, 66, 18, 1),
(644, 67, 18, 1),
(645, 68, 18, 1),
(646, 69, 18, 1),
(647, 70, 18, 1),
(648, 71, 18, 1),
(649, 72, 18, 1),
(650, 73, 18, 1),
(651, 74, 18, 1),
(652, 75, 18, 1),
(653, 76, 18, 1),
(654, 77, 18, 1),
(655, 78, 18, 1),
(656, 79, 18, 1),
(657, 80, 18, 1),
(658, 81, 18, 1),
(659, 82, 18, 1),
(660, 83, 18, 1),
(661, 84, 18, 1),
(662, 85, 18, 1),
(663, 86, 18, 1),
(664, 87, 18, 1),
(665, 88, 18, 1),
(666, 89, 18, 1),
(667, 90, 18, 1),
(668, 91, 18, 1),
(669, 92, 18, 1),
(670, 93, 18, 1),
(671, 94, 18, 1),
(672, 95, 18, 1),
(673, 96, 18, 1),
(674, 97, 18, 1),
(675, 98, 18, 1),
(676, 99, 18, 1),
(677, 100, 18, 1),
(678, 101, 18, 1),
(679, 102, 18, 1),
(680, 103, 18, 1),
(681, 104, 18, 1),
(682, 105, 18, 1),
(683, 106, 18, 1),
(684, 107, 18, 1),
(685, 108, 18, 1),
(686, 109, 18, 1),
(687, 110, 18, 1),
(688, 111, 18, 1),
(689, 112, 18, 1),
(690, 113, 18, 1),
(691, 114, 18, 1),
(692, 115, 18, 1),
(693, 116, 18, 1),
(694, 117, 18, 1),
(695, 118, 18, 1),
(696, 119, 18, 1),
(697, 1, 19, 1),
(698, 5, 19, 1),
(699, 9, 19, 1),
(700, 15, 19, 1),
(701, 17, 19, 1),
(702, 18, 19, 1),
(703, 19, 19, 1),
(704, 20, 19, 1),
(705, 21, 19, 1),
(706, 22, 19, 1),
(707, 23, 19, 1),
(708, 24, 19, 1),
(709, 25, 19, 1),
(710, 26, 19, 1),
(711, 27, 19, 1),
(712, 28, 19, 1),
(713, 29, 19, 1),
(714, 30, 19, 1),
(715, 31, 19, 1),
(716, 32, 19, 1),
(717, 33, 19, 1),
(718, 34, 19, 1),
(719, 35, 19, 1),
(720, 36, 19, 1),
(721, 37, 19, 1),
(722, 38, 19, 1),
(723, 39, 19, 1),
(724, 40, 19, 1),
(725, 41, 19, 1),
(726, 42, 19, 1),
(727, 43, 19, 1),
(728, 44, 19, 1),
(729, 45, 19, 1),
(730, 46, 19, 1),
(731, 47, 19, 1),
(732, 48, 19, 1),
(733, 49, 19, 1),
(734, 50, 19, 1),
(735, 51, 19, 1),
(736, 52, 19, 1),
(737, 53, 19, 1),
(738, 54, 19, 1),
(739, 55, 19, 1),
(740, 56, 19, 1),
(741, 57, 19, 1),
(742, 58, 19, 1),
(743, 59, 19, 1),
(744, 60, 19, 1),
(745, 61, 19, 1),
(746, 62, 19, 1),
(747, 63, 19, 1),
(748, 64, 19, 1),
(749, 65, 19, 1),
(750, 66, 19, 1),
(751, 67, 19, 1),
(752, 68, 19, 1),
(753, 69, 19, 1),
(754, 70, 19, 1),
(755, 71, 19, 1),
(756, 72, 19, 1),
(757, 73, 19, 1),
(758, 74, 19, 1),
(759, 75, 19, 1),
(760, 76, 19, 1),
(761, 77, 19, 1),
(762, 78, 19, 1),
(763, 79, 19, 1),
(764, 80, 19, 1),
(765, 81, 19, 1),
(766, 82, 19, 1),
(767, 83, 19, 1),
(768, 84, 19, 1),
(769, 85, 19, 1),
(770, 86, 19, 1),
(771, 87, 19, 1),
(772, 88, 19, 1),
(773, 89, 19, 1),
(774, 90, 19, 1),
(775, 91, 19, 1),
(776, 92, 19, 1),
(777, 93, 19, 1),
(778, 94, 19, 1),
(779, 95, 19, 1),
(780, 96, 19, 1),
(781, 97, 19, 1),
(782, 98, 19, 1),
(783, 99, 19, 1),
(784, 100, 19, 1),
(785, 101, 19, 1),
(786, 102, 19, 1),
(787, 103, 19, 1),
(788, 104, 19, 1),
(789, 105, 19, 1),
(790, 106, 19, 1),
(791, 107, 19, 1),
(792, 108, 19, 1),
(793, 109, 19, 1),
(794, 110, 19, 1),
(795, 111, 19, 1),
(796, 112, 19, 1),
(797, 113, 19, 1),
(798, 114, 19, 1),
(799, 115, 19, 1),
(800, 116, 19, 1),
(801, 117, 19, 1),
(802, 118, 19, 1),
(803, 119, 19, 1),
(804, 1, 20, 1),
(805, 4, 20, 1),
(806, 5, 20, 1),
(807, 6, 20, 1),
(808, 7, 20, 1),
(809, 8, 20, 1),
(810, 9, 20, 1),
(811, 10, 20, 1),
(812, 11, 20, 1),
(813, 13, 20, 1),
(814, 14, 20, 1),
(815, 15, 20, 1),
(816, 16, 20, 1),
(817, 17, 20, 1),
(818, 18, 20, 1),
(819, 19, 20, 1),
(820, 20, 20, 1),
(821, 21, 20, 1),
(822, 22, 20, 1),
(823, 23, 20, 1),
(824, 24, 20, 1),
(825, 25, 20, 1),
(826, 26, 20, 1),
(827, 27, 20, 1),
(828, 28, 20, 1),
(829, 29, 20, 1),
(830, 30, 20, 1),
(831, 31, 20, 1),
(832, 32, 20, 1),
(833, 33, 20, 1),
(834, 34, 20, 1),
(835, 35, 20, 1),
(836, 36, 20, 1),
(837, 37, 20, 1),
(838, 38, 20, 1),
(839, 39, 20, 1),
(840, 40, 20, 1),
(841, 41, 20, 1),
(842, 42, 20, 1),
(843, 43, 20, 1),
(844, 44, 20, 1),
(845, 45, 20, 1),
(846, 46, 20, 1),
(847, 47, 20, 1),
(848, 48, 20, 1),
(849, 49, 20, 1),
(850, 50, 20, 1),
(851, 51, 20, 1),
(852, 52, 20, 1),
(853, 53, 20, 1),
(854, 54, 20, 1),
(855, 55, 20, 1),
(856, 56, 20, 1),
(857, 57, 20, 1),
(858, 58, 20, 1),
(859, 59, 20, 1),
(860, 60, 20, 1),
(861, 61, 20, 1),
(862, 62, 20, 1),
(863, 63, 20, 1),
(864, 64, 20, 1),
(865, 65, 20, 1),
(866, 66, 20, 1),
(867, 67, 20, 1),
(868, 68, 20, 1),
(869, 69, 20, 1),
(870, 70, 20, 1),
(871, 71, 20, 1),
(872, 72, 20, 1),
(873, 73, 20, 1),
(874, 74, 20, 1),
(875, 75, 20, 1),
(876, 76, 20, 1),
(877, 77, 20, 1),
(878, 78, 20, 1),
(879, 79, 20, 1),
(880, 80, 20, 1),
(881, 81, 20, 1),
(882, 82, 20, 1),
(883, 83, 20, 1),
(884, 84, 20, 1),
(885, 85, 20, 1),
(886, 86, 20, 1),
(887, 87, 20, 1),
(888, 88, 20, 1),
(889, 89, 20, 1),
(890, 90, 20, 1),
(891, 91, 20, 1),
(892, 92, 20, 1),
(893, 93, 20, 1),
(894, 94, 20, 1),
(895, 95, 20, 1),
(896, 96, 20, 1),
(897, 97, 20, 1),
(898, 98, 20, 1),
(899, 99, 20, 1),
(900, 100, 20, 1),
(901, 101, 20, 1),
(902, 102, 20, 1),
(903, 103, 20, 1),
(904, 104, 20, 1),
(905, 105, 20, 1),
(906, 106, 20, 1),
(907, 107, 20, 1),
(908, 108, 20, 1),
(909, 109, 20, 1),
(910, 110, 20, 1),
(911, 111, 20, 1),
(912, 112, 20, 1),
(913, 113, 20, 1),
(914, 114, 20, 1),
(915, 115, 20, 1),
(916, 116, 20, 1),
(917, 117, 20, 1),
(918, 118, 20, 1),
(919, 119, 20, 1),
(920, 18, 21, 1),
(921, 19, 21, 1),
(922, 20, 21, 1),
(923, 21, 21, 1),
(924, 22, 21, 1),
(925, 23, 21, 1),
(926, 24, 21, 1),
(927, 25, 21, 1),
(928, 26, 21, 1),
(929, 27, 21, 1),
(930, 28, 21, 1),
(931, 29, 21, 1),
(932, 30, 21, 1),
(933, 31, 21, 1),
(934, 32, 21, 1),
(935, 33, 21, 1),
(936, 34, 21, 1),
(937, 35, 21, 1),
(938, 36, 21, 1),
(939, 37, 21, 1),
(940, 38, 21, 1),
(941, 39, 21, 1),
(942, 40, 21, 1),
(943, 41, 21, 1),
(944, 42, 21, 1),
(945, 43, 21, 1),
(946, 44, 21, 1),
(947, 45, 21, 1),
(948, 46, 21, 1),
(949, 47, 21, 1),
(950, 48, 21, 1),
(951, 49, 21, 1),
(952, 50, 21, 1),
(953, 51, 21, 1),
(954, 52, 21, 1),
(955, 53, 21, 1),
(956, 54, 21, 1),
(957, 55, 21, 1),
(958, 56, 21, 1),
(959, 57, 21, 1),
(960, 58, 21, 1),
(961, 59, 21, 1),
(962, 60, 21, 1),
(963, 61, 21, 1),
(964, 62, 21, 1),
(965, 63, 21, 1),
(966, 64, 21, 1),
(967, 65, 21, 1),
(968, 66, 21, 1),
(969, 67, 21, 1),
(970, 68, 21, 1),
(971, 69, 21, 1),
(972, 70, 21, 1),
(973, 71, 21, 1),
(974, 72, 21, 1),
(975, 73, 21, 1),
(976, 74, 21, 1),
(977, 75, 21, 1),
(978, 76, 21, 1),
(979, 77, 21, 1),
(980, 78, 21, 1),
(981, 79, 21, 1),
(982, 80, 21, 1),
(983, 81, 21, 1),
(984, 82, 21, 1),
(985, 83, 21, 1),
(986, 84, 21, 1),
(987, 85, 21, 1),
(988, 86, 21, 1),
(989, 87, 21, 1),
(990, 88, 21, 1),
(991, 89, 21, 1),
(992, 90, 21, 1),
(993, 91, 21, 1),
(994, 92, 21, 1),
(995, 93, 21, 1),
(996, 94, 21, 1),
(997, 95, 21, 1),
(998, 96, 21, 1),
(999, 97, 21, 1),
(1000, 98, 21, 1),
(1001, 99, 21, 1),
(1002, 100, 21, 1),
(1003, 101, 21, 1),
(1004, 102, 21, 1),
(1005, 103, 21, 1),
(1006, 104, 21, 1),
(1007, 105, 21, 1),
(1008, 106, 21, 1),
(1009, 107, 21, 1),
(1010, 108, 21, 1),
(1011, 109, 21, 1),
(1012, 110, 21, 1),
(1013, 111, 21, 1),
(1014, 112, 21, 1),
(1015, 113, 21, 1),
(1016, 114, 21, 1),
(1017, 115, 21, 1),
(1018, 116, 21, 1),
(1019, 117, 21, 1),
(1020, 118, 21, 1),
(1021, 119, 21, 1),
(1022, 1, 22, 1),
(1023, 5, 22, 1),
(1024, 9, 22, 1),
(1025, 10, 22, 1),
(1026, 11, 22, 1),
(1027, 12, 22, 1),
(1028, 13, 22, 1),
(1029, 14, 22, 1),
(1030, 16, 22, 1),
(1031, 17, 22, 1),
(1032, 18, 22, 1),
(1033, 19, 22, 1),
(1034, 20, 22, 1),
(1035, 21, 22, 1),
(1036, 22, 22, 1),
(1037, 23, 22, 1),
(1038, 24, 22, 1),
(1039, 25, 22, 1),
(1040, 26, 22, 1),
(1041, 27, 22, 1),
(1042, 28, 22, 1),
(1043, 29, 22, 1),
(1044, 30, 22, 1),
(1045, 31, 22, 1),
(1046, 32, 22, 1),
(1047, 33, 22, 1),
(1048, 34, 22, 1),
(1049, 35, 22, 1),
(1050, 36, 22, 1),
(1051, 37, 22, 1),
(1052, 38, 22, 1),
(1053, 39, 22, 1),
(1054, 40, 22, 1),
(1055, 41, 22, 1),
(1056, 42, 22, 1),
(1057, 43, 22, 1),
(1058, 44, 22, 1),
(1059, 45, 22, 1),
(1060, 46, 22, 1),
(1061, 47, 22, 1),
(1062, 48, 22, 1),
(1063, 49, 22, 1),
(1064, 50, 22, 1),
(1065, 51, 22, 1),
(1066, 52, 22, 1),
(1067, 53, 22, 1),
(1068, 54, 22, 1),
(1069, 55, 22, 1),
(1070, 56, 22, 1),
(1071, 57, 22, 1),
(1072, 58, 22, 1),
(1073, 59, 22, 1),
(1074, 60, 22, 1),
(1075, 61, 22, 1),
(1076, 62, 22, 1),
(1077, 63, 22, 1),
(1078, 64, 22, 1),
(1079, 65, 22, 1),
(1080, 66, 22, 1),
(1081, 67, 22, 1),
(1082, 68, 22, 1),
(1083, 69, 22, 1),
(1084, 70, 22, 1),
(1085, 71, 22, 1),
(1086, 72, 22, 1),
(1087, 73, 22, 1),
(1088, 74, 22, 1),
(1089, 75, 22, 1),
(1090, 76, 22, 1),
(1091, 77, 22, 1),
(1092, 78, 22, 1),
(1093, 79, 22, 1),
(1094, 80, 22, 1),
(1095, 81, 22, 1),
(1096, 82, 22, 1),
(1097, 83, 22, 1),
(1098, 84, 22, 1),
(1099, 85, 22, 1),
(1100, 86, 22, 1),
(1101, 87, 22, 1),
(1102, 88, 22, 1),
(1103, 89, 22, 1),
(1104, 90, 22, 1),
(1105, 91, 22, 1),
(1106, 92, 22, 1),
(1107, 93, 22, 1),
(1108, 94, 22, 1),
(1109, 95, 22, 1),
(1110, 96, 22, 1),
(1111, 97, 22, 1),
(1112, 98, 22, 1),
(1113, 99, 22, 1),
(1114, 100, 22, 1),
(1115, 101, 22, 1),
(1116, 102, 22, 1),
(1117, 103, 22, 1),
(1118, 104, 22, 1),
(1119, 105, 22, 1),
(1120, 106, 22, 1),
(1121, 107, 22, 1),
(1122, 108, 22, 1),
(1123, 109, 22, 1),
(1124, 110, 22, 1),
(1125, 111, 22, 1),
(1126, 112, 22, 1),
(1127, 113, 22, 1),
(1128, 114, 22, 1),
(1129, 115, 22, 1),
(1130, 116, 22, 1),
(1131, 117, 22, 1),
(1132, 118, 22, 1),
(1133, 119, 22, 1),
(1134, 1, 23, 1);
